
	[
		{
			"email": "bb@wb.com",
			"password" : "1234",
			"name": "Bugs",
			"gender": "Male",
			"birthday":"06/27/1940",
			"state": "California"
		
		},
		{
			"email": "wiley@wb.com",
			"password" : "5678",
			"name": "Wiley",
			"gender": "Male",
			"birthday":"03/05/1942",
			"state": "California"
			
		},
		{
			"email": "runner@wb.com",
			"password" : "9012",
			"gender": "Male",
			"name": "Road Runner",			
			"birthday":"01/19/1943",
			"state": "California"
			
		},
		{
			"image":"images/thumbnail.jpg",
			"userName": "MilesL",
			"gender": "Male",
			"birthday":"02/09/1996",
			"state": "Florida"
		},
		{
			"image":"images/thumbnail.jpg",
			"userName": "BrandonS",
			"gender": "Male",
			"birthday":"02/09/1994",
			"state": "Georgia"
		},
		{
			"image":"images/thumbnail.jpg",
			"userName": "KadenaB",
			"gender": "Female",
			"birthday":"02/06/1996",
			"state": "Florida"
			
		},
		{
			"image":"images/thumbnail.jpg",
			"userName": "AstroStrom",
			"gender": "Female",
			"birthday":"06/10/1997",
			"state": "California"
		},
		{
			"image":"images/thumbnail.jpg",
			"userName": "EpicThugNinja",
			"gender": "Male",
			"birthday":"02/06/1994",
			"state": "Lincoln UK"
		},
		{
			"image":"images/thumbnail.jpg",
			"userName": "JayJay",
			"gender": "Male",
			"birthday":"02/06/1996",
			"state": ""
		},
		{
			"image":"images/thumbnail.jpg",
			"userName": "Bobby Boy",
			"gender": "unidentified",
			"birthday":"02/05/2018",
			"state": "Georgia"
		},
		{
			"image":"images/thumbnail.jpg",
			"userName": "Renee",
			"gender": "Female",
			"birthday":"02/05/2018",
			"state": "Florida"
		},
		{
			"image":"images/thumbnail.jpg",
			"userName": "Josh Black",
			"gender": "Female",
			"birthday":"01/31/1993",
			"state": "California"
		},
		{
			"image":"images/thumbnail.jpg",
			"userName": "T-Dog",
			"gender": "Male",
			"birthday":"01/31/1992",
			"state": "Lincoln UK"
		}	
	]
